Orden,Patrón de referencia,Fase 0 · puntaje,Fase 0 · nivel,Fase 4 · puntaje,Fase 4 · nivel
AMB-2026-0001,Rutina,-45,Rutina,-45,Rutina
AMB-2026-0002,Rutina,-48,Rutina,-48,Rutina
AMB-2026-0003,Rutina,-44,Rutina,-44,Rutina
AMB-2026-0004,Rutina,-49,Rutina,-49,Rutina
AMB-2026-0005,Rutina,-45,Rutina,-45,Rutina
AMB-2026-0006,Rutina,-53,Rutina,-53,Rutina
AMB-2026-0007,Rutina,-49,Rutina,-49,Rutina
AMB-2026-0008,Rutina,-49,Rutina,-49,Rutina
AMB-2026-0009,Rutina,-45,Rutina,-45,Rutina
AMB-2026-0010,Rutina,-53,Rutina,-53,Rutina
AMB-2026-0011,Rutina,-45,Rutina,-45,Rutina
AMB-2026-0012,Rutina,-44,Rutina,-44,Rutina
AMB-2026-0013,Rutina,-49,Rutina,-49,Rutina
AMB-2026-0014,Rutina,-53,Rutina,-53,Rutina
AMB-2026-0015,Rutina,-44,Rutina,-44,Rutina
AMB-2026-0016,Rutina,-54,Rutina,-54,Rutina
GUA-1001,Crítico,34,Crítico,40,Crítico
GUA-1002,Crítico,10,Prioritario,18,Urgente
GUA-1003,Prioritario,5,Rutina,5,Rutina
GUA-1004,Crítico,10,Prioritario,20,Urgente
GUA-1005,Rutina,5,Rutina,5,Rutina
GUA-1006,Prioritario,9,Rutina,9,Rutina
GUA-1007,Urgente,14,Prioritario,14,Urgente
GUA-1008,Prioritario,10,Prioritario,10,Prioritario
GUA-1009,Crítico,32,Crítico,40,Crítico
GUA-1010,Crítico,26,Crítico,32,Crítico
GUA-1011,Urgente,14,Prioritario,14,Urgente
GUA-1012,Prioritario,6,Rutina,6,Rutina
GUA-1013,Crítico,34,Crítico,40,Crítico
INT-2001,Rutina,0,Rutina,0,Rutina
INT-2002,Crítico,40,Crítico,40,Crítico
INT-2003,Urgente,10,Prioritario,20,Urgente
INT-2004,Rutina,9,Rutina,9,Rutina
INT-2005,Prioritario,5,Rutina,5,Rutina
INT-2006,Rutina,5,Rutina,5,Rutina
INT-2007,Prioritario,10,Prioritario,10,Prioritario
INT-2008,Urgente,14,Prioritario,14,Urgente
INT-2009,Crítico,20,Urgente,30,Crítico
INT-2010,Prioritario,9,Rutina,9,Rutina
INT-2011,Urgente,10,Prioritario,10,Prioritario
INT-2012,Prioritario,10,Prioritario,10,Prioritario
INT-2013,Urgente,4,Rutina,4,Rutina
INT-2014,Rutina,9,Rutina,9,Rutina
INT-2015,Prioritario,10,Prioritario,10,Prioritario
INT-2016,Crítico,40,Crítico,40,Crítico
INT-2017,Crítico,32,Crítico,32,Crítico
INT-2018,Prioritario,6,Rutina,6,Rutina
INT-2019,Urgente,13,Prioritario,23,Urgente
INT-2020,Prioritario,5,Rutina,5,Rutina
INT-2021,Rutina,9,Rutina,9,Rutina
