Orden,E01,E02,E03,E04,E05,E06,E07,E08,E09,E10,E11,E12,E13,E14,E15,E16,E17,Patrón
AMB-2026-0001,R,R,R,R,R,R,R,R,R,R,R,P,R,R,R,R,R,R
AMB-2026-0002,R,C,U,R,R,R,R,P,R,R,P,P,U,R,P,R,R,R
AMB-2026-0003,R,R,R,R,P,P,R,P,R,R,R,P,R,R,R,P,P,R
AMB-2026-0004,R,R,R,R,P,R,R,R,R,R,P,R,R,R,R,R,R,R
AMB-2026-0005,R,R,R,R,P,R,R,P,R,R,P,R,P,R,R,R,R,R
AMB-2026-0006,R,P,R,R,R,R,R,R,R,R,R,R,R,R,R,R,R,R
AMB-2026-0007,R,R,R,P,R,R,R,R,R,R,R,R,R,R,R,R,R,R
AMB-2026-0008,R,R,R,R,P,R,R,R,R,R,R,R,U,R,R,R,P,R
AMB-2026-0009,R,R,R,R,P,R,R,P,R,R,R,R,P,R,R,R,R,R
AMB-2026-0010,R,R,R,R,R,R,R,P,R,R,R,R,R,R,R,R,R,R
AMB-2026-0011,R,R,R,R,R,R,R,P,R,R,R,R,R,R,R,R,R,R
AMB-2026-0012,R,R,R,R,P,R,R,R,R,R,R,R,R,R,R,R,R,R
AMB-2026-0013,R,R,R,R,R,R,R,P,R,R,R,R,R,R,R,R,R,R
AMB-2026-0014,R,R,R,R,R,R,R,R,R,R,R,R,R,R,R,R,R,R
AMB-2026-0015,R,R,R,R,P,P,R,U,R,C,U,R,P,R,U,R,R,R
AMB-2026-0016,R,R,R,R,R,R,R,R,R,R,R,R,R,R,R,R,R,R
GUA-1001,U,C,C,C,C,C,C,U,C,C,C,C,C,C,C,C,C,C
GUA-1002,C,U,C,C,U,C,U,U,C,C,U,C,U,C,C,C,C,C
GUA-1003,P,R,R,P,P,P,R,P,P,P,P,P,R,P,U,P,U,P
GUA-1004,C,P,U,R,C,U,C,R,U,C,P,U,C,U,C,C,U,C
GUA-1005,R,R,R,R,U,R,R,R,P,U,U,R,R,P,P,R,P,R
GUA-1006,U,P,P,R,U,U,P,R,P,P,U,P,P,P,U,U,C,P
GUA-1007,P,R,U,P,U,P,P,P,P,U,U,U,P,U,U,P,U,U
GUA-1008,P,R,R,P,P,U,R,R,P,P,P,U,U,P,P,P,R,P
GUA-1009,C,U,C,C,C,C,C,U,C,C,C,C,U,C,C,C,C,C
GUA-1010,C,C,C,U,C,C,C,P,C,C,C,C,C,C,C,C,C,C
GUA-1011,P,R,R,R,P,U,R,P,U,U,U,P,U,U,U,P,U,U
GUA-1012,P,P,R,P,P,R,P,P,P,U,P,R,R,P,P,P,P,P
GUA-1013,C,C,C,P,C,C,C,U,U,P,C,C,C,U,C,C,U,C
INT-2001,R,R,R,R,U,R,R,R,P,P,P,R,R,P,U,R,R,R
INT-2002,C,C,C,C,P,C,U,C,C,C,C,C,C,C,C,C,C,C
INT-2003,U,R,P,R,P,P,U,R,P,P,U,C,C,P,U,U,U,U
INT-2004,R,R,R,R,C,R,R,R,P,R,P,R,P,P,R,R,R,R
INT-2005,P,R,R,R,R,R,P,P,P,P,P,C,P,P,P,P,P,P
INT-2006,P,R,R,R,P,R,R,R,P,P,R,R,R,P,R,R,R,R
INT-2007,P,U,C,U,U,U,P,U,P,P,R,C,P,P,U,P,C,P
INT-2008,P,P,R,R,C,U,P,U,P,U,C,U,U,U,C,U,R,U
INT-2009,C,C,U,C,C,U,C,U,C,C,U,C,U,C,C,C,C,C
INT-2010,P,R,R,P,C,R,R,U,P,P,P,U,P,P,P,R,U,P
INT-2011,U,P,U,P,U,U,U,U,U,R,U,P,P,P,U,U,U,U
INT-2012,P,R,R,P,R,P,R,P,P,P,P,P,P,P,P,R,P,P
INT-2013,U,U,U,R,U,U,U,U,P,R,P,U,U,U,U,U,P,U
INT-2014,U,R,R,R,R,R,R,R,P,R,R,R,U,P,R,R,U,R
INT-2015,P,R,R,P,R,P,R,U,P,P,P,P,P,P,R,P,U,P
INT-2016,C,C,C,C,P,R,C,P,C,C,U,U,C,C,C,C,U,C
INT-2017,C,C,C,C,C,U,C,U,C,C,C,U,C,C,C,C,C,C
INT-2018,P,P,R,R,P,P,P,P,P,P,P,U,U,P,U,P,P,P
INT-2019,P,P,U,C,C,P,U,R,U,U,U,P,P,U,C,U,C,U
INT-2020,P,U,R,P,R,P,R,R,P,P,P,U,P,P,U,R,P,P
INT-2021,R,R,R,R,R,R,R,R,P,R,P,R,P,P,R,R,P,R
