ts,endpoint,status,latency_ms
1790188144.418766,/orders/notifications,200,44.056
1790188144.45584,/orders/notifications,200,78.23
1790188144.456173,/orders/notifications,200,75.46
1790188144.5443661,/orders?limit=10&offset=0,200,170.484
1790188144.604556,/orders/stats,200,227.378
1790188144.605233,/orders/stats,200,230.86
1790188144.635267,/orders?limit=10&offset=0,200,253.386
1790188144.638088,/orders?limit=10&offset=0,200,219.301
1790188144.696908,/orders/notifications,200,91.661
1790188144.697511,/orders/stats,200,153.127
1790188144.699685,/orders/notifications,200,95.107
1790188144.7010372,/orders?limit=10&offset=0,200,245.169
1790188144.705407,/orders?limit=10&offset=0,200,249.218
1790188144.76226,/orders?limit=10&offset=0,200,383.707
1790188144.7722108,/orders?limit=10&offset=0,200,395.897
1790188144.790428,/orders/stats,200,155.143
1790188144.809904,/orders/stats,200,171.787
1790188144.82549,/orders/notifications,200,127.964
1790188144.845402,/orders?limit=10&offset=0,200,145.695
1790188144.854069,/orders?limit=10&offset=0,200,157.139
1790188144.87461,/orders/stats,200,173.538
1790188144.879839,/orders/stats,200,499.799
1790188144.889069,/orders/stats,200,183.642
1790188144.896554,/orders/notifications,200,106.108
1790188144.905142,/orders/notifications,200,95.218
1790188144.91361,/orders/stats,200,141.379
1790188144.9292312,/orders/stats,200,166.953
1790188144.9509509,/orders?limit=10&offset=0,200,125.439
1790188144.952283,/orders/notifications,200,77.656
1790188144.9602299,/orders/notifications,200,80.368
1790188144.973299,/orders/notifications,200,84.213
1790188144.980444,/orders/stats,200,126.358
1790188144.981216,/orders/stats,200,135.791
1790188145.010447,/orders/notifications,200,96.801
1790188145.0199769,/orders?limit=10&offset=0,200,123.403
1790188145.0294242,/orders/notifications,200,100.17
1790188145.03807,/orders?limit=10&offset=0,200,132.908
1790188145.0576398,/orders?limit=10&offset=0,200,105.341
1790188145.077368,/orders/notifications,200,96.902
1790188145.082475,/orders?limit=10&offset=0,200,122.164
1790188145.0944362,/orders/stats,200,143.461
1790188145.107357,/orders?limit=10&offset=0,200,134.038
1790188145.115406,/orders/notifications,200,134.153
1790188145.124183,/orders?limit=10&offset=0,200,113.717
1790188145.141593,/orders?limit=10&offset=0,200,112.146
1790188145.155309,/orders/stats,200,117.222
1790188145.1777449,/orders/notifications,200,83.293
1790188145.1946292,/orders?limit=10&offset=0,200,117.243
1790188145.202822,/orders/stats,200,145.156
1790188145.221442,/orders/stats,200,138.915
1790188145.240816,/orders/stats,200,220.821
1790188145.274386,/orders/notifications,200,119.06
1790188145.2880352,/orders?limit=10&offset=0,200,172.608
1790188145.308544,/orders/stats,200,166.933
1790188145.3293078,/orders/stats,200,221.931
1790188145.340459,/orders/stats,200,216.259
1790188145.355819,/orders?limit=10&offset=0,200,178.057
1790188145.366355,/orders/notifications,200,144.893
1790188145.366844,/orders/notifications,200,163.96
1790188145.3929899,/orders/notifications,200,152.15
1790188145.4128299,/orders/stats,200,218.179
1790188145.4353878,/orders?limit=10&offset=0,200,160.984
1790188145.4359522,/orders/notifications,200,127.394
1790188145.4415329,/orders/notifications,200,112.187
1790188145.455141,/orders/notifications,200,114.664
1790188145.508529,/orders/stats,200,220.477
1790188145.556961,/orders?limit=10&offset=0,200,190.579
1790188145.557225,/orders/stats,200,201.39
1790188145.5617101,/orders/notifications,200,148.859
1790188145.5885062,/orders?limit=10&offset=0,200,221.646
1790188145.599395,/orders?limit=10&offset=0,200,206.371
1790188145.6225548,/orders?limit=10&offset=0,200,186.59
1790188145.641835,/orders?limit=10&offset=0,200,200.286
1790188145.6437151,/orders?limit=10&offset=0,200,188.551
1790188145.656349,/orders/stats,200,220.942
1790188145.672555,/orders/notifications,200,164.008
1790188145.7064269,/orders/notifications,200,149.188
1790188145.758741,/orders?limit=10&offset=0,200,197.013
1790188145.761947,/orders/stats,200,204.968
1790188145.7777238,/orders/stats,200,178.287
1790188145.7780108,/orders/notifications,200,121.647
1790188145.845556,/orders/stats,200,257.031
1790188145.9026089,/orders/stats,200,280.034
1790188145.922774,/orders?limit=10&offset=0,200,250.197
1790188145.94,/orders/notifications,200,178.037
1790188145.9533598,/orders?limit=10&offset=0,200,246.911
1790188145.9633029,/orders/notifications,200,185.559
1790188145.972555,/orders?limit=10&offset=0,200,194.529
1790188145.9788501,/orders/notifications,200,133.274
1790188145.996235,/orders/notifications,200,93.606
1790188146.004931,/orders/stats,200,246.169
1790188146.054154,/orders/stats,200,131.359
1790188146.063433,/orders?limit=10&offset=0,200,100.102
1790188146.07294,/orders?limit=10&offset=0,200,132.923
1790188146.0735822,/orders?limit=10&offset=0,200,94.682
1790188146.090446,/orders/stats,200,137.068
1790188146.095201,/orders?limit=10&offset=0,200,98.944
1790188146.1620119,/orders/stats,200,189.437
1790188146.1803079,/orders/notifications,200,126.136
1790188146.197366,/orders/notifications,200,106.9
1790188146.208024,/orders/stats,200,566.153
1790188146.236369,/orders/stats,200,172.902
1790188146.242694,/orders/stats,200,598.959
1790188146.253839,/orders/stats,200,180.241
1790188146.258761,/orders/stats,200,185.804
1790188146.274168,/orders/notifications,200,112.135
1790188146.2879229,/orders/stats,200,192.705
1790188146.297142,/orders/notifications,200,292.19
1790188146.319288,/orders?limit=10&offset=0,200,121.901
1790188146.319981,/orders/notifications,200,77.253
1790188146.320972,/orders/notifications,200,84.552
1790188146.335965,/orders/notifications,200,82.107
1790188146.346821,/orders/notifications,200,88.042
1790188146.354231,/orders/notifications,200,146.188
1790188146.369323,/orders/notifications,200,81.38
1790188146.3736398,/orders?limit=10&offset=0,200,193.314
1790188146.391785,/orders?limit=10&offset=0,200,94.621
1790188146.395547,/orders?limit=10&offset=0,200,121.361
1790188146.4061859,/orders?limit=10&offset=0,200,85.164
1790188146.414091,/orders?limit=10&offset=0,200,94.082
1790188146.429906,/orders/stats,200,110.586
1790188146.441458,/orders?limit=10&offset=0,200,94.618
1790188146.447079,/orders?limit=10&offset=0,200,111.083
1790188146.463438,/orders?limit=10&offset=0,200,109.188
1790188146.4911082,/orders/stats,200,99.303
1790188146.496732,/orders/stats,200,123.076
1790188146.504677,/orders?limit=10&offset=0,200,135.303
1790188146.555823,/orders/stats,200,160.255
1790188146.560707,/orders/stats,200,154.496
1790188146.569058,/orders/stats,200,154.944
1790188146.598346,/orders/stats,200,156.868
1790188146.59876,/orders/notifications,200,107.636
1790188146.608684,/orders/notifications,200,111.919
1790188146.608938,/orders/stats,200,161.838
1790188146.631862,/orders/notifications,200,76.02
1790188146.640287,/orders/stats,200,176.83
1790188146.640563,/orders/notifications,200,79.84
1790188146.651499,/orders/notifications,200,82.422
1790188146.6746838,/orders/stats,200,169.988
1790188146.680236,/orders/notifications,200,250.308
1790188146.703316,/orders/notifications,200,94.366
1790188146.7036002,/orders/notifications,200,105.228
1790188146.719997,/orders/notifications,200,79.693
1790188146.730913,/orders?limit=10&offset=0,200,122.21
1790188146.734623,/orders?limit=10&offset=0,200,135.829
1790188146.763669,/orders/notifications,200,88.967
1790188146.764491,/orders?limit=10&offset=0,200,132.546
1790188146.772695,/orders?limit=10&offset=0,200,121.166
1790188146.772981,/orders?limit=10&offset=0,200,132.407
1790188146.7953439,/orders?limit=10&offset=0,200,115.088
1790188146.8048809,/orders?limit=10&offset=0,200,101.546
1790188146.812374,/orders?limit=10&offset=0,200,108.762
1790188146.828745,/orders?limit=10&offset=0,200,108.72
1790188146.857693,/orders/stats,200,126.756
1790188146.869077,/orders?limit=10&offset=0,200,105.385
1790188146.974255,/orders/stats,200,209.741
1790188146.974608,/orders/stats,200,201.894
1790188146.9862568,/orders/stats,200,213.261
1790188147.0043368,/orders/stats,200,269.692
1790188147.008897,/orders/notifications,200,150.746
1790188147.023572,/orders/stats,200,194.805
1790188147.0299578,/orders/stats,200,217.563
1790188147.046727,/orders/notifications,200,72.103
1790188147.0475378,/orders/notifications,200,73.265
1790188147.052334,/orders/notifications,200,66.059
1790188147.077687,/orders/stats,200,208.592
1790188147.088306,/orders/notifications,200,83.95
1790188147.0904949,/orders/notifications,200,60.517
1790188147.0959291,/orders?limit=10&offset=0,200,87.014
1790188147.1222038,/orders/notifications,200,98.613
1790188147.142524,/orders?limit=10&offset=0,200,94.931
1790188147.144096,/orders/notifications,200,66.393
1790188147.1443121,/orders?limit=10&offset=0,200,97.564
1790188147.1805341,/orders?limit=10&offset=0,200,128.18
1790188147.180919,/orders?limit=10&offset=0,200,92.595
1790188147.20512,/orders?limit=10&offset=0,200,82.892
1790188147.2053702,/orders/stats,200,109.425
1790188147.222411,/orders?limit=10&offset=0,200,131.902
1790188147.2236412,/orders/stats,200,428.278
1790188147.227354,/orders/stats,200,422.449
1790188147.255192,/orders/stats,200,110.866
1790188147.262422,/orders/stats,200,119.859
1790188147.269613,/orders?limit=10&offset=0,200,125.5
1790188147.302233,/orders/stats,200,121.299
1790188147.3025339,/orders/notifications,200,78.881
1790188147.303278,/orders/notifications,200,75.908
1790188147.3190231,/orders/stats,200,138.466
1790188147.319245,/orders/notifications,200,113.865
1790188147.3303082,/orders/notifications,200,75.097
1790188147.3370318,/orders/notifications,200,74.593
1790188147.3451421,/orders/stats,200,140.003
1790188147.356939,/orders/stats,200,134.509
1790188147.37259,/orders/notifications,200,70.337
1790188147.389616,/orders/stats,200,119.974
1790188147.396288,/orders/notifications,200,77.247
1790188147.416047,/orders?limit=10&offset=0,200,112.737
1790188147.4199302,/orders?limit=10&offset=0,200,117.382
1790188147.456382,/orders/notifications,200,111.224
1790188147.464407,/orders/notifications,200,107.448
1790188147.475255,/orders?limit=10&offset=0,200,144.916
1790188147.476935,/orders?limit=10&offset=0,200,139.886
1790188147.494735,/orders/notifications,200,105.102
1790188147.497083,/orders?limit=10&offset=0,200,177.824
1790188147.50888,/orders?limit=10&offset=0,200,136.248
1790188147.526579,/orders?limit=10&offset=0,200,130.269
1790188147.5444312,/orders?limit=10&offset=0,200,88.031
1790188147.555258,/orders?limit=10&offset=0,200,90.829
1790188147.5613272,/orders/stats,200,145.173
1790188147.568863,/orders/stats,200,148.915
1790188147.590038,/orders/stats,200,114.608
1790188147.593607,/orders/stats,200,116.656
1790188147.606261,/orders?limit=10&offset=0,200,111.506
1790188147.6121101,/orders/stats,200,115.005
1790188147.629333,/orders/stats,200,120.41
1790188147.647746,/orders/notifications,200,86.4
1790188147.656391,/orders/stats,200,129.794
1790188147.672565,/orders/notifications,200,103.683
1790188147.679841,/orders/notifications,200,86.215
1790188147.682812,/orders/notifications,200,92.739
1790188147.692012,/orders/stats,200,147.563
1790188147.6971378,/orders/notifications,200,85.011
1790188147.704758,/orders/stats,200,149.483
1790188147.7266188,/orders/notifications,200,97.246
1790188147.742302,/orders/stats,200,136.021
1790188147.762023,/orders/notifications,200,105.612
1790188147.774198,/orders/notifications,200,82.171
1790188147.789234,/orders/notifications,200,84.46
1790188147.802829,/orders?limit=10&offset=0,200,122.949
1790188147.840972,/orders?limit=10&offset=0,200,193.203
1790188147.8446589,/orders?limit=10&offset=0,200,172.05
1790188147.853646,/orders?limit=10&offset=0,200,168.379
1790188147.859112,/orders/notifications,200,116.784
1790188147.875873,/orders?limit=10&offset=0,200,178.714
1790188147.976863,/orders?limit=10&offset=0,200,214.791
1790188147.990109,/orders?limit=10&offset=0,200,200.857
1790188148.002563,/orders?limit=10&offset=0,200,228.346
1790188148.058045,/orders/stats,200,255.195
1790188148.110142,/orders?limit=10&offset=0,200,251.013
1790188148.110402,/orders/stats,200,269.412
1790188148.182695,/orders/stats,200,329.004
1790188148.1917608,/orders/stats,200,315.867
1790188148.2754078,/orders?limit=10&offset=0,200,548.766
1790188148.2809558,/orders/notifications,200,222.884
1790188148.286109,/orders/stats,200,309.208
1790188148.305079,/orders/notifications,200,194.662
1790188148.3068118,/orders/stats,200,304.232
1790188148.327594,/orders/notifications,200,144.837
1790188148.3371918,/orders/stats,200,227.03
1790188148.344791,/orders/notifications,200,153.012
1790188148.360802,/orders/notifications,200,74.673
1790188148.379819,/orders/notifications,200,72.99
1790188148.3801951,/orders/stats,200,104.756
1790188148.402646,/orders/notifications,200,65.435
1790188148.4032881,/orders?limit=10&offset=0,200,122.308
1790188148.411017,/orders?limit=10&offset=0,200,105.919
1790188148.423594,/orders?limit=10&offset=0,200,95.981
1790188148.436307,/orders?limit=10&offset=0,200,91.494
1790188148.447308,/orders?limit=10&offset=0,200,86.48
1790188148.4626539,/orders/notifications,200,82.443
1790188148.4713972,/orders/stats,200,626.713
1790188148.486551,/orders?limit=10&offset=0,200,106.671
1790188148.5044181,/orders/stats,200,514.284
1790188148.52423,/orders?limit=10&offset=0,200,121.566
1790188148.52897,/orders/stats,200,117.936
1790188148.5363579,/orders/stats,200,112.746
1790188148.551754,/orders/stats,200,115.428
1790188148.5588129,/orders/notifications,200,87.4
1790188148.5720608,/orders?limit=10&offset=0,200,109.384
1790188148.579875,/orders/notifications,200,75.439
1790188148.588547,/orders/stats,200,141.204
1790188148.597012,/orders/stats,200,193.708
1790188148.6120079,/orders/notifications,200,83.021
1790188148.612293,/orders/notifications,200,75.921
1790188148.613267,/orders/stats,200,126.698
1790188148.656249,/orders?limit=10&offset=0,200,97.341
1790188148.662773,/orders/notifications,200,74.208
1790188148.6635861,/orders/notifications,200,66.551
1790188148.6655722,/orders/notifications,200,113.516
1790188148.672103,/orders/stats,200,147.855
1790188148.728768,/orders/stats,200,156.683
1790188148.7439191,/orders/notifications,200,130.632
1790188148.755073,/orders?limit=10&offset=0,200,142.765
1790188148.778871,/orders?limit=10&offset=0,200,166.844
1790188148.7950568,/orders/notifications,200,122.938
1790188148.795651,/orders/notifications,200,66.865
1790188148.8031518,/orders?limit=10&offset=0,200,139.55
1790188148.8081439,/orders?limit=10&offset=0,200,142.548
1790188148.827323,/orders/stats,200,171.057
1790188148.87183,/orders?limit=10&offset=0,200,127.891
1790188148.890323,/orders?limit=10&offset=0,200,310.423
1790188148.903536,/orders/stats,200,148.437
1790188148.927267,/orders?limit=10&offset=0,200,131.578
1790188148.9389381,/orders/stats,200,160.01
1790188148.939722,/orders?limit=10&offset=0,200,144.644
1790188148.94047,/orders/notifications,200,113.13
1790188148.960446,/orders/stats,200,152.286
1790188148.965646,/orders/stats,200,162.469
1790188148.988242,/orders/notifications,200,84.687
1790188149.07395,/orders?limit=10&offset=0,200,411.133
1790188149.096779,/orders/notifications,200,157.808
1790188149.112077,/orders/stats,200,221.733
1790188149.11905,/orders/stats,200,247.201
1790188149.1228921,/orders/notifications,200,157.219
1790188149.1278641,/orders/notifications,200,167.398
1790188149.140129,/orders/stats,200,212.841
1790188149.145584,/orders?limit=10&offset=0,200,205.096
1790188149.1500428,/orders/stats,200,210.297
1790188149.175628,/orders?limit=10&offset=0,200,187.193
1790188149.186759,/orders/notifications,200,67.692
1790188149.195395,/orders/notifications,200,55.246
1790188149.1956632,/orders/stats,200,121.696
1790188149.207275,/orders?limit=10&offset=0,200,110.406
1790188149.225085,/orders/notifications,200,112.963
1790188149.230326,/orders?limit=10&offset=0,200,107.418
1790188149.230577,/orders?limit=10&offset=0,200,102.697
1790188149.304211,/orders/stats,200,158.61
1790188149.3078778,/orders/notifications,200,112.202
1790188149.3246348,/orders?limit=10&offset=0,200,129.22
1790188149.3446348,/orders?limit=10&offset=0,200,157.856
1790188149.34546,/orders/stats,200,169.787
1790188149.3570108,/orders?limit=10&offset=0,200,131.903
1790188149.38741,/orders/notifications,200,83.179
1790188149.3876622,/orders/stats,200,157.044
1790188149.390937,/orders/notifications,200,240.871
1790188149.3966029,/orders/stats,200,166.255
1790188149.4095428,/orders?limit=10&offset=0,200,101.649
1790188149.4230242,/orders/notifications,200,77.547
1790188149.427624,/orders/stats,200,220.33
1790188149.443073,/orders/stats,200,118.419
1790188149.4560351,/orders/stats,200,111.381
1790188149.4706008,/orders/stats,200,113.57
1790188149.4746969,/orders/notifications,200,87.023
1790188149.4838579,/orders/notifications,200,87.224
1790188149.4926982,/orders?limit=10&offset=0,200,105.27
1790188149.5064042,/orders?limit=10&offset=0,200,115.453
1790188149.506751,/orders/notifications,200,79.114
1790188149.51676,/orders?limit=10&offset=0,200,93.712
1790188149.522005,/orders/notifications,200,78.914
1790188149.536337,/orders/stats,200,126.777
1790188149.543149,/orders/notifications,200,72.531
1790188149.553647,/orders/notifications,200,97.597
1790188149.569668,/orders?limit=10&offset=0,200,94.957
1790188149.6031291,/orders/notifications,200,66.774
1790188149.603829,/orders/stats,200,111.112
1790188149.604612,/orders?limit=10&offset=0,200,120.715
1790188149.612424,/orders?limit=10&offset=0,200,105.66
1790188149.622179,/orders/stats,200,115.757
1790188149.6273248,/orders/stats,200,110.537
1790188149.687993,/orders?limit=10&offset=0,200,144.824
1790188149.68994,/orders?limit=10&offset=0,200,136.262
1790188149.724291,/orders/stats,200,154.606
1790188149.7374878,/orders/notifications,200,133.644
1790188149.7504609,/orders/notifications,200,128.259
1790188149.7519228,/orders/notifications,200,124.582
1790188149.81927,/orders/stats,200,206.825
1790188149.8240378,/orders/stats,200,219.411
1790188149.831927,/orders/notifications,200,107.614
1790188149.846878,/orders/stats,200,158.843
1790188149.8704388,/orders?limit=10&offset=0,200,348.415
1790188149.871274,/orders/stats,200,181.295
1790188149.880821,/orders/notifications,200,61.512
1790188149.8976362,/orders?limit=10&offset=0,200,160.127
1790188149.902391,/orders/notifications,200,78.339
1790188149.902905,/orders?limit=10&offset=0,200,152.363
1790188149.9202838,/orders?limit=10&offset=0,200,168.312
1790188149.928024,/orders/notifications,200,81.127
1790188149.9432,/orders?limit=10&offset=0,200,111.25
1790188149.953299,/orders?limit=10&offset=0,200,350.149
1790188149.973461,/orders/notifications,200,102.173
1790188150.020771,/orders?limit=10&offset=0,200,139.889
1790188150.0382879,/orders/stats,200,167.83
1790188150.040849,/orders?limit=10&offset=0,200,138.44
1790188150.089783,/orders/stats,200,186.863
1790188150.090215,/orders/stats,200,192.549
1790188150.1724532,/orders?limit=10&offset=0,200,198.971
1790188150.180303,/orders/notifications,200,141.974
1790188150.195998,/orders/stats,200,275.694
1790188150.206346,/orders/notifications,200,116.114
1790188150.278194,/orders/stats,200,257.402
1790188150.288298,/orders/stats,200,334.979
1790188150.2951539,/orders/stats,200,254.286
1790188150.31465,/orders?limit=10&offset=0,200,386.605
1790188150.346909,/orders?limit=10&offset=0,200,166.581
1790188150.3472798,/orders/notifications,200,151.262
1790188150.352287,/orders/stats,200,179.815
1790188150.354623,/orders/notifications,200,76.411
1790188150.361757,/orders?limit=10&offset=0,200,155.393
1790188150.375189,/orders/notifications,200,80.017
1790188150.380853,/orders/notifications,200,92.53
1790188150.41217,/orders/notifications,200,322.366
1790188150.421185,/orders/stats,200,477.964
1790188150.43043,/orders/stats,200,115.76
1790188150.43769,/orders/notifications,200,85.386
1790188150.455007,/orders?limit=10&offset=0,200,107.711
1790188150.4656808,/orders/stats,200,118.728
1790188150.480117,/orders/notifications,200,58.914
1790188150.4805272,/orders?limit=10&offset=0,200,99.645
1790188150.481877,/orders?limit=10&offset=0,200,127.237
1790188150.490263,/orders/stats,200,128.49
1790188150.5009222,/orders/notifications,200,70.458
1790188150.524079,/orders?limit=10&offset=0,200,111.89
1790188150.5365849,/orders?limit=10&offset=0,200,98.877
1790188150.544053,/orders?limit=10&offset=0,200,168.845
1790188150.552883,/orders/notifications,200,87.177
1790188150.571004,/orders/notifications,200,80.725
1790188150.578676,/orders/stats,200,123.634
1790188150.6053388,/orders?limit=10&offset=0,200,125.179
1790188150.620183,/orders?limit=10&offset=0,200,119.227
1790188150.6384351,/orders/stats,200,157.894
1790188150.642751,/orders/stats,200,160.843
1790188150.697809,/orders/notifications,200,119.11
1790188150.7045078,/orders?limit=10&offset=0,200,151.607
1790188150.723316,/orders/stats,200,199.214
1790188150.72495,/orders/stats,200,188.347
1790188150.764458,/orders?limit=10&offset=0,200,193.431
1790188150.7652109,/orders/stats,200,221.139
1790188150.785773,/orders/notifications,200,147.318
1790188150.814008,/orders/notifications,200,171.106
1790188150.84321,/orders/stats,200,222.954
1790188150.857336,/orders/notifications,200,134.001
1790188151.007284,/orders/stats,200,302.757
1790188151.013341,/orders/stats,200,248.842
1790188151.028288,/orders?limit=10&offset=0,200,242.489
1790188151.0298822,/orders/stats,200,424.519
1790188151.0375319,/orders?limit=10&offset=0,200,223.501
1790188151.043193,/orders/notifications,200,199.963
1790188151.054852,/orders?limit=10&offset=0,200,197.496
1790188151.061555,/orders/notifications,200,48.192
1790188151.071567,/orders/notifications,200,64.266
1790188151.111688,/orders/notifications,200,81.77
1790188151.120944,/orders/notifications,200,355.714
1790188151.128279,/orders?limit=10&offset=0,200,85.068
1790188151.137899,/orders/notifications,200,412.93
1790188151.138408,/orders/stats,200,110.102
1790188151.138667,/orders?limit=10&offset=0,200,440.835
1790188151.162069,/orders?limit=10&offset=0,200,100.496
1790188151.17646,/orders/stats,200,138.894
1790188151.187857,/orders?limit=10&offset=0,200,116.273
1790188151.1883578,/orders/stats,200,133.475
1790188151.2139142,/orders/notifications,200,75.488
1790188151.2300642,/orders?limit=10&offset=0,200,118.355
1790188151.2385302,/orders?limit=10&offset=0,200,117.567
1790188151.245145,/orders/notifications,200,68.665
1790188151.252616,/orders/stats,200,124.319
1790188151.2566311,/orders/stats,200,117.95
1790188151.265913,/orders?limit=10&offset=0,200,127.995
1790188151.277774,/orders/notifications,200,89.383
1790188151.303612,/orders/notifications,200,50.83
1790188151.3259032,/orders?limit=10&offset=0,200,111.963
1790188151.3278909,/orders/stats,200,165.801
1790188151.3791602,/orders/stats,200,191.28
1790188151.389262,/orders?limit=10&offset=0,200,144.085
1790188151.444639,/orders?limit=10&offset=0,200,166.842
1790188151.480093,/orders/notifications,200,152.181
1790188151.488648,/orders?limit=10&offset=0,200,185.014
1790188151.497338,/orders/notifications,200,118.159
1790188151.503624,/orders/stats,200,273.535
1790188151.511372,/orders/stats,200,272.823
1790188151.5775309,/orders/stats,200,251.598
1790188151.5977,/orders/notifications,200,341.005
1790188151.614134,/orders/stats,200,169.474
1790188151.624537,/orders/notifications,200,120.868
1790188151.63947,/orders?limit=10&offset=0,200,159.354
1790188151.648704,/orders/notifications,200,137.311
1790188151.6619918,/orders/notifications,200,84.441
1790188151.678258,/orders?limit=10&offset=0,200,180.898
1790188151.686765,/orders/stats,200,198.1
1790188151.7014751,/orders/notifications,200,87.317
1790188151.702219,/orders?limit=10&offset=0,200,104.497
1790188151.739203,/orders?limit=10&offset=0,200,114.649
1790188151.761607,/orders?limit=10&offset=0,200,99.594
1790188151.762253,/orders?limit=10&offset=0,200,113.529
1790188151.762964,/orders/stats,200,123.479
1790188151.7639391,/orders/notifications,200,77.156
1790188151.777798,/orders/stats,200,511.862
1790188151.8036082,/orders/stats,200,125.329
1790188151.829071,/orders/stats,200,126.837
1790188151.83936,/orders?limit=10&offset=0,200,137.865
1790188151.839641,/orders/stats,200,450.358
1790188151.861043,/orders?limit=10&offset=0,200,97.084
1790188151.861661,/orders/notifications,200,98.684
1790188151.862307,/orders/notifications,200,84.492
1790188151.887035,/orders/stats,200,147.814
1790188151.9084601,/orders/stats,200,146.833
1790188151.915405,/orders/notifications,200,86.313
1790188151.921914,/orders/stats,200,159.645
1790188151.947636,/orders/notifications,200,144.003
1790188151.9550989,/orders/notifications,200,115.446
1790188151.962143,/orders/stats,200,122.765
1790188151.975196,/orders/notifications,200,88.141
1790188151.980536,/orders?limit=10&offset=0,200,118.857
1790188151.996611,/orders/notifications,200,74.649
1790188152.00301,/orders/stats,200,141.946
1790188152.013228,/orders/notifications,200,104.748
1790188152.0215948,/orders?limit=10&offset=0,200,106.169
1790188152.030155,/orders?limit=10&offset=0,200,167.816
1790188152.039179,/orders?limit=10&offset=0,200,91.513
1790188152.044464,/orders/notifications,200,82.304
1790188152.070848,/orders?limit=10&offset=0,200,95.635
1790188152.071167,/orders?limit=10&offset=0,200,116.053
1790188152.080584,/orders/notifications,200,77.557
1790188152.104411,/orders/stats,200,122.547
1790188152.1102889,/orders?limit=10&offset=0,200,113.654
1790188152.12494,/orders?limit=10&offset=0,200,111.689
1790188152.1473448,/orders/stats,200,125.728
1790188152.1550038,/orders?limit=10&offset=0,200,110.523
1790188152.155566,/orders/stats,200,116.372
1790188152.20221,/orders/stats,200,172.032
1790188152.226942,/orders?limit=10&offset=0,200,146.33
1790188152.227788,/orders/notifications,200,123.361
1790188152.234337,/orders/stats,200,163.465
1790188152.259903,/orders/notifications,200,112.531
1790188152.260659,/orders/stats,200,150.353
1790188152.276503,/orders/notifications,200,120.923
1790188152.2778618,/orders/stats,200,152.905
1790188152.2862778,/orders/notifications,200,84.05
1790188152.304564,/orders/stats,200,149.543
1790188152.31927,/orders/notifications,200,84.913
1790188152.322304,/orders?limit=10&offset=0,200,94.484
1790188152.339315,/orders/notifications,200,78.64
1790188152.354099,/orders?limit=10&offset=0,200,94.176
1790188152.3611488,/orders/stats,200,134.184
1790188152.367101,/orders/notifications,200,89.214
1790188152.376959,/orders?limit=10&offset=0,200,100.35
1790188152.383252,/orders?limit=10&offset=0,200,96.941
1790188152.388024,/orders/notifications,200,83.425
1790188152.404764,/orders?limit=10&offset=0,200,85.477
1790188152.4368079,/orders/stats,200,365.624
1790188152.4425468,/orders/stats,200,120.039
1790188152.452868,/orders?limit=10&offset=0,200,113.532
1790188152.457522,/orders?limit=10&offset=0,200,90.381
1790188152.50852,/orders/stats,200,154.381
1790188152.529925,/orders/stats,200,146.632
1790188152.542984,/orders/stats,200,166.006
1790188152.5521228,/orders?limit=10&offset=0,200,164.082
1790188152.558455,/orders/notifications,200,121.63
1790188152.5714052,/orders/stats,200,166.587
1790188152.5717351,/orders/notifications,200,129.145
1790188152.605429,/orders/notifications,200,96.891
1790188152.621236,/orders/notifications,200,91.289
1790188152.631148,/orders/notifications,200,88.144
1790188152.6322649,/orders/notifications,200,271.092
1790188152.639999,/orders/stats,200,187.109
1790188152.647572,/orders/stats,200,190.031
1790188152.6614468,/orders/notifications,200,90.01
1790188152.679602,/orders?limit=10&offset=0,200,121.086
1790188152.6802938,/orders/stats,200,128.154
1790188152.689725,/orders?limit=10&offset=0,200,117.977
1790188152.706437,/orders?limit=10&offset=0,200,100.99
1790188152.70684,/orders/notifications,200,59.24
1790188152.713013,/orders/notifications,200,72.997
1790188152.7135181,/orders?limit=10&offset=0,200,92.265
1790188152.841525,/orders?limit=10&offset=0,200,210.349
1790188152.8858628,/orders/notifications,200,205.551
1790188152.890466,/orders?limit=10&offset=0,200,228.999
1790188152.921199,/orders?limit=10&offset=0,200,288.894
1790188152.956748,/orders/stats,200,277.122
1790188152.9570189,/orders/stats,200,267.278
1790188153.01398,/orders/stats,200,307.52
1790188153.0583382,/orders?limit=10&offset=0,200,345.302
1790188153.058609,/orders?limit=10&offset=0,200,351.754
1790188153.090761,/orders/stats,200,249.219
1790188153.101481,/orders?limit=10&offset=0,200,215.598
1790188153.109359,/orders/stats,200,218.876
1790188153.153461,/orders/notifications,200,196.691
1790188153.163199,/orders/notifications,200,149.19
1790188153.16892,/orders/notifications,200,211.887
1790188153.180646,/orders/stats,200,467.107
1790188153.202873,/orders/notifications,200,112.094
1790188153.221205,/orders/stats,200,162.849
1790188153.235841,/orders/notifications,200,126.464
1790188153.241482,/orders/stats,200,182.859
1790188153.255639,/orders/stats,200,154.137
1790188153.2647629,/orders/notifications,200,84.092
1790188153.288812,/orders?limit=10&offset=0,200,125.59
1790188153.2978969,/orders?limit=10&offset=0,200,144.397
1790188153.3282292,/orders?limit=10&offset=0,200,159.287
1790188153.337313,/orders?limit=10&offset=0,200,134.418
1790188153.337559,/orders/notifications,200,116.337
1790188153.35422,/orders/notifications,200,112.722
1790188153.359991,/orders?limit=10&offset=0,200,124.131
1790188153.3866298,/orders/notifications,200,130.973
1790188153.405424,/orders?limit=10&offset=0,200,140.631
1790188153.427999,/orders/stats,200,130.081
1790188153.437092,/orders/stats,200,148.261
1790188153.4471838,/orders?limit=10&offset=0,200,109.605
1790188153.455461,/orders/stats,200,534.238
1790188153.4670699,/orders/stats,200,138.81
1790188153.472188,/orders/stats,200,134.856
1790188153.4729578,/orders?limit=10&offset=0,200,118.703
1790188153.473402,/orders?limit=10&offset=0,200,86.756
1790188153.48981,/orders/stats,200,129.799
1790188153.5044138,/orders/notifications,200,67.3
1790188153.5226429,/orders/stats,200,117.2
1790188153.538761,/orders/notifications,200,66.518
1790188153.53983,/orders/notifications,200,111.812
1790188153.540447,/orders/notifications,200,73.348
1790188153.5409112,/orders/notifications,200,85.436
1790188153.561484,/orders/stats,200,114.269
1790188153.624345,/orders/stats,200,151.369
1790188153.628074,/orders/notifications,200,105.413
1790188153.6446679,/orders/stats,200,171.249
1790188153.648997,/orders?limit=10&offset=0,200,144.534
1790188153.660325,/orders/notifications,200,98.799
1790188153.696396,/orders?limit=10&offset=0,200,155.442
1790188153.697081,/orders?limit=10&offset=0,200,158.299
1790188153.704232,/orders?limit=10&offset=0,200,164.386
1790188153.70491,/orders?limit=10&offset=0,200,164.45
1790188153.7110531,/orders/notifications,200,66.367
1790188153.7789178,/orders/notifications,200,289.084
1790188153.7867231,/orders?limit=10&offset=0,200,158.633
1790188153.8216121,/orders/stats,200,172.589
1790188153.821941,/orders?limit=10&offset=0,200,161.598
1790188153.8691058,/orders/stats,200,172.685
1790188153.874333,/orders/stats,200,177.236
1790188153.888984,/orders?limit=10&offset=0,200,177.912
1790188153.889555,/orders/stats,200,184.631
1790188153.940709,/orders/notifications,200,316.343
1790188153.954402,/orders/stats,200,167.647
1790188153.957671,/orders/notifications,200,136.04
1790188153.977302,/orders/notifications,200,108.176
1790188153.98543,/orders/stats,200,281.175
1790188153.9939358,/orders/notifications,200,104.367
1790188153.996709,/orders/stats,200,174.752
1790188154.006328,/orders/notifications,200,131.978
1790188154.037614,/orders/notifications,200,83.194
1790188154.038356,/orders/stats,200,149.354
1790188154.0559812,/orders?limit=10&offset=0,200,98.293
1790188154.05625,/orders/notifications,200,70.799
1790188154.062104,/orders/notifications,200,65.377
1790188154.0681012,/orders?limit=10&offset=0,200,289.149
1790188154.0731149,/orders?limit=10&offset=0,200,95.794
1790188154.077945,/orders?limit=10&offset=0,200,137.218
1790188154.094964,/orders?limit=10&offset=0,200,100.999
1790188154.1062331,/orders/notifications,200,67.863
1790188154.113715,/orders?limit=10&offset=0,200,107.368
1790188154.1523972,/orders?limit=10&offset=0,200,114.761
1790188154.1718311,/orders?limit=10&offset=0,200,109.709
1790188154.2708511,/orders/stats,200,202.715
1790188154.276664,/orders/stats,200,203.532
1790188154.278068,/orders/stats,200,200.105
1790188154.2869709,/orders?limit=10&offset=0,200,180.717
1790188154.32557,/orders/stats,200,269.564
1790188154.356697,/orders/stats,200,204.28
1790188154.362159,/orders/notifications,200,84.076
1790188154.362444,/orders/notifications,200,91.576
1790188154.3801,/orders/stats,200,208.246
1790188154.439143,/orders/stats,200,325.403
1790188154.4507608,/orders?limit=10&offset=0,200,394.488
1790188154.465367,/orders/stats,200,178.374
1790188154.469226,/orders/notifications,200,143.635
1790188154.485486,/orders/notifications,200,128.77
1790188154.506022,/orders/notifications,200,125.897
1790188154.513388,/orders?limit=10&offset=0,200,151.209
1790188154.526796,/orders?limit=10&offset=0,200,164.336
1790188154.5404658,/orders/notifications,200,101.305
1790188154.549995,/orders/stats,200,454.996
1790188154.550643,/orders/notifications,200,85.257
1790188154.5729191,/orders/notifications,200,296.235
1790188154.573199,/orders?limit=10&offset=0,200,103.956
1790188154.591281,/orders?limit=10&offset=0,200,105.776
1790188154.611007,/orders?limit=10&offset=0,200,104.957
1790188154.622977,/orders/notifications,200,72.892
1790188154.640468,/orders?limit=10&offset=0,200,89.806
1790188154.641058,/orders/stats,200,127.649
1790188154.648525,/orders?limit=10&offset=0,200,108.034
1790188154.649704,/orders/stats,200,198.86
1790188154.65516,/orders/stats,200,128.327
1790188154.67453,/orders?limit=10&offset=0,200,101.592
1790188154.69403,/orders/stats,200,120.817
1790188154.714091,/orders/notifications,200,73.016
1790188154.715283,/orders/stats,200,123.976
1790188154.721368,/orders?limit=10&offset=0,200,98.372
1790188154.7221591,/orders/stats,200,111.131
1790188154.734965,/orders/notifications,200,85.228
1790188154.821304,/orders/notifications,200,127.255
1790188154.826644,/orders/stats,200,186.154
1790188154.827998,/orders/stats,200,179.447
1790188154.847706,/orders/notifications,200,125.347
1790188154.856201,/orders/stats,200,181.635
1790188154.873106,/orders?limit=10&offset=0,200,158.987
1790188154.8783412,/orders/notifications,200,162.823
1790188154.905169,/orders/notifications,200,78.509
1790188154.9101691,/orders/notifications,200,254.987
1790188154.920222,/orders/stats,200,198.802
1790188154.929426,/orders/notifications,200,73.179
1790188154.929814,/orders?limit=10&offset=0,200,108.493
1790188154.935767,/orders/notifications,200,107.754
1790188154.954087,/orders?limit=10&offset=0,200,106.354
1790188154.959291,/orders?limit=10&offset=0,200,224.287
1790188154.9807801,/orders/notifications,200,60.526
1790188154.989753,/orders?limit=10&offset=0,200,111.391
1790188154.990251,/orders/stats,200,117.128
1790188155.012395,/orders?limit=10&offset=0,200,107.205
1790188155.021141,/orders?limit=10&offset=0,200,110.955
1790188155.028084,/orders?limit=10&offset=0,200,98.579
1790188155.0525372,/orders?limit=10&offset=0,200,116.749
1790188155.05498,/orders/stats,200,125.154
1790188155.0630069,/orders/stats,200,108.9
1790188155.073627,/orders/notifications,200,83.357
1790188155.093646,/orders?limit=10&offset=0,200,112.815
1790188155.115257,/orders/stats,200,125.465
1790188155.129575,/orders/stats,200,117.156
1790188155.140233,/orders/stats,200,119.073
1790188155.145781,/orders/stats,200,186.472
1790188155.146194,/orders/notifications,200,91.199
1790188155.1470048,/orders/stats,200,118.903
1790188155.160531,/orders/notifications,200,97.501
1790188155.1724641,/orders/stats,200,119.906
1790188155.1928298,/orders/notifications,200,77.539
1790188155.196796,/orders?limit=10&offset=0,200,123.135
1790188155.2063239,/orders/notifications,200,66.028
1790188155.213641,/orders/notifications,200,84.042
1790188155.23246,/orders/stats,200,138.779
1790188155.233141,/orders/notifications,200,87.341
1790188155.24065,/orders/notifications,200,93.627
1790188155.246816,/orders/notifications,200,74.335
1790188155.256907,/orders?limit=10&offset=0,200,110.697
1790188155.27858,/orders?limit=10&offset=0,200,118.031
1790188155.314131,/orders/notifications,200,81.626
1790188155.325919,/orders?limit=10&offset=0,200,133.046
1790188155.3276002,/orders?limit=10&offset=0,200,121.259
1790188155.3285801,/orders?limit=10&offset=0,200,114.917
1790188155.337554,/orders/stats,200,140.737
1790188155.360517,/orders?limit=10&offset=0,200,119.848
1790188155.3685088,/orders?limit=10&offset=0,200,135.348
1790188155.378183,/orders?limit=10&offset=0,200,131.343
1790188155.389908,/orders/stats,200,132.982
1790188155.411586,/orders/stats,200,132.984
1790188155.418846,/orders/notifications,200,81.273
1790188155.437192,/orders?limit=10&offset=0,200,123.038
1790188155.4653409,/orders/stats,200,136.728
1790188155.4688,/orders/stats,200,141.18
1790188155.473829,/orders/stats,200,147.811
1790188155.5319302,/orders/stats,200,171.389
1790188155.535887,/orders/stats,200,167.358
1790188155.59077,/orders?limit=10&offset=0,200,171.902
1790188155.604471,/orders/stats,200,226.27
1790188155.622376,/orders/notifications,200,157.013
1790188155.629235,/orders/notifications,200,160.414
1790188155.6383822,/orders/notifications,200,164.534
1790188155.6430762,/orders/stats,200,205.866
1790188155.660914,/orders/notifications,200,128.963
1790188155.6620212,/orders/notifications,200,126.116
1790188155.669587,/orders/notifications,200,65.097
1790188155.6894789,/orders/stats,200,98.691
1790188155.69602,/orders/notifications,200,306.093
1790188155.70626,/orders/notifications,200,63.16
1790188155.721162,/orders/notifications,200,309.556
1790188155.724373,/orders?limit=10&offset=0,200,101.957
1790188155.744239,/orders?limit=10&offset=0,200,105.839
1790188155.753216,/orders?limit=10&offset=0,200,123.937
1790188155.7567449,/orders?limit=10&offset=0,200,95.77
1790188155.760491,/orders?limit=10&offset=0,200,90.887
1790188155.7634702,/orders?limit=10&offset=0,200,101.414
1790188155.783027,/orders/notifications,200,93.528
1790188155.8033228,/orders?limit=10&offset=0,200,97.044
1790188155.807311,/orders?limit=10&offset=0,200,111.273
1790188155.928554,/orders/stats,200,204.148
1790188155.928917,/orders/stats,200,175.679
1790188155.9382908,/orders/stats,200,194.03
1790188155.962373,/orders/stats,200,205.608
1790188155.973921,/orders/stats,200,210.428
1790188155.988204,/orders?limit=10&offset=0,200,205.149
1790188156.0094988,/orders/stats,200,202.155
1790188156.014602,/orders/stats,200,211.256
1790188156.022982,/orders/notifications,200,84.656
1790188156.0236301,/orders/notifications,200,95.052
1790188156.0378392,/orders/notifications,200,108.904
1790188156.054995,/orders/notifications,200,92.6
1790188156.0552151,/orders/notifications,200,81.278
1790188156.062332,/orders?limit=10&offset=0,200,341.147
1790188156.0872488,/orders/notifications,200,77.698
1790188156.08773,/orders/notifications,200,73.108
1790188156.109853,/orders/stats,200,121.63
1790188156.121755,/orders?limit=10&offset=0,200,83.897
1790188156.133588,/orders?limit=10&offset=0,200,110.581
1790188156.146219,/orders?limit=10&offset=0,200,122.573
1790188156.162615,/orders/stats,200,402.103
1790188156.1733608,/orders/stats,200,111.01
1790188156.174365,/orders?limit=10&offset=0,200,119.137
1790188156.175492,/orders?limit=10&offset=0,200,120.431
1790188156.1826508,/orders/notifications,200,72.767
1790188156.186629,/orders?limit=10&offset=0,200,98.869
1790188156.191672,/orders?limit=10&offset=0,200,104.407
1790188156.236258,/orders/notifications,200,73.622
1790188156.2394629,/orders/stats,200,117.691
1790188156.245894,/orders/notifications,200,72.514
1790188156.254518,/orders/stats,200,120.886
1790188156.321009,/orders/stats,200,174.768
1790188156.336144,/orders/stats,200,144.377
1790188156.351567,/orders/notifications,200,112.067
1790188156.3559911,/orders/stats,200,169.345
1790188156.371373,/orders/notifications,200,116.837
1790188156.3822029,/orders?limit=10&offset=0,200,145.926
1790188156.3906271,/orders?limit=10&offset=0,200,144.713
1790188156.392603,/orders/notifications,200,71.567
1790188156.402849,/orders?limit=10&offset=0,200,220.152
1790188156.418581,/orders/stats,200,242.932
1790188156.4304461,/orders/notifications,200,94.263
1790188156.4471931,/orders/notifications,200,91.185
1790188156.4552839,/orders?limit=10&offset=0,200,103.699
1790188156.5297961,/orders/notifications,200,111.194
1790188156.538678,/orders?limit=10&offset=0,200,146.054
1790188156.553278,/orders/stats,200,150.407
1790188156.5611799,/orders/stats,200,178.943
1790188156.564575,/orders/stats,200,173.927
1790188156.576988,/orders?limit=10&offset=0,200,146.517
1790188156.589518,/orders?limit=10&offset=0,200,142.301
1790188156.606559,/orders/stats,200,432.174
1790188156.6123679,/orders/stats,200,157.065
1790188156.621671,/orders?limit=10&offset=0,200,91.854
1790188156.636155,/orders/notifications,200,82.86
1790188156.658666,/orders?limit=10&offset=0,200,287.273
1790188156.667389,/orders/notifications,200,102.737
1790188156.674675,/orders/stats,200,135.978
1790188156.704299,/orders/stats,200,127.292
1790188156.704777,/orders/notifications,200,98.203
1790188156.709567,/orders/notifications,200,148.37
1790188156.7190552,/orders/notifications,200,106.666
1790188156.724941,/orders/stats,200,135.405
1790188156.752678,/orders/stats,200,130.988
1790188156.7566662,/orders?limit=10&offset=0,200,120.494
1790188156.76604,/orders/notifications,200,91.34
1790188156.803018,/orders/notifications,200,78.042
1790188156.8082829,/orders/notifications,200,103.967
1790188156.822539,/orders?limit=10&offset=0,200,117.748
1790188156.822839,/orders/stats,200,164.154
1790188156.830749,/orders?limit=10&offset=0,200,163.313
1790188156.8383732,/orders?limit=10&offset=0,200,128.788
1790188156.8430378,/orders/notifications,200,90.343
1790188156.861404,/orders?limit=10&offset=0,200,142.328
1790188156.8813179,/orders?limit=10&offset=0,200,115.248
1790188156.904761,/orders?limit=10&offset=0,200,101.724
1790188156.905008,/orders/stats,200,148.328
1790188156.920096,/orders/notifications,200,97.244
1790188156.989307,/orders?limit=10&offset=0,200,146.252
1790188156.9955971,/orders/stats,200,164.803
1790188157.003833,/orders/stats,200,181.275
1790188157.019407,/orders/stats,200,181.016
1790188157.024297,/orders/stats,200,162.874
1790188157.027667,/orders/notifications,200,122.645
1790188157.045155,/orders?limit=10&offset=0,200,125.04
1790188157.077485,/orders/stats,200,172.704
1790188157.0866199,/orders/notifications,200,91.004
1790188157.087273,/orders/notifications,200,83.424
1790188157.087892,/orders/notifications,200,68.47
1790188157.1046348,/orders/stats,200,223.295
1790188157.104919,/orders/stats,200,115.597
1790188157.118708,/orders?limit=10&offset=0,200,310.404
1790188157.123967,/orders/notifications,200,99.654
1790188157.1435368,/orders?limit=10&offset=0,200,115.85
1790188157.1549282,/orders/stats,200,109.748
1790188157.157425,/orders/notifications,200,79.908
1790188157.177567,/orders/notifications,200,72.636
1790188157.1876018,/orders/notifications,200,82.947
1790188157.193397,/orders?limit=10&offset=0,200,105.49
1790188157.204875,/orders?limit=10&offset=0,200,117.586
1790188157.2124102,/orders?limit=10&offset=0,200,125.771
1790188157.2277079,/orders?limit=10&offset=0,200,103.723
1790188157.239706,/orders/notifications,200,84.758
1790188157.2752771,/orders/stats,200,131.721
1790188157.276449,/orders?limit=10&offset=0,200,119.005
1790188157.286251,/orders?limit=10&offset=0,200,108.655
1790188157.345361,/orders/stats,200,226.633
1790188157.402224,/orders/stats,200,197.33
1790188157.402476,/orders/stats,200,209.065
1790188157.42176,/orders/notifications,200,146.465
1790188157.4234629,/orders/stats,200,195.736
1790188157.430162,/orders?limit=10&offset=0,200,190.434
1790188157.455647,/orders/notifications,200,110.266
1790188157.4643788,/orders/stats,200,187.889
1790188157.470892,/orders/notifications,200,68.651
1790188157.471401,/orders/notifications,200,68.915
1790188157.487011,/orders/stats,200,200.722
1790188157.505258,/orders/notifications,200,81.756
1790188157.522816,/orders?limit=10&offset=0,200,335.194
1790188157.539488,/orders?limit=10&offset=0,200,117.705
1790188157.5550132,/orders/notifications,200,90.609
1790188157.555504,/orders/stats,200,125.322
1790188157.572463,/orders?limit=10&offset=0,200,116.796
1790188157.5793269,/orders?limit=10&offset=0,200,108.415
1790188157.596711,/orders/notifications,200,109.679
1790188157.5970361,/orders?limit=10&offset=0,200,125.623
1790188157.619485,/orders?limit=10&offset=0,200,114.21
1790188157.6279402,/orders/notifications,200,72.422
1790188157.656008,/orders/stats,200,443.575
1790188157.664873,/orders/stats,200,141.918
1790188157.669555,/orders/stats,200,130.047
1790188157.67599,/orders?limit=10&offset=0,200,120.959
1790188157.722034,/orders/stats,200,149.55
1790188157.7532291,/orders?limit=10&offset=0,200,125.27
1790188157.754047,/orders/stats,200,134.545
1790188157.76202,/orders/stats,200,164.972
1790188157.777926,/orders/notifications,200,121.899
1790188157.854692,/orders?limit=10&offset=0,200,257.957
1790188157.9731,/orders/notifications,200,308.196
1790188157.980052,/orders/stats,200,400.666
1790188157.9905071,/orders/notifications,200,268.451
1790188158.0122619,/orders/notifications,200,258.198
1790188158.027467,/orders/notifications,200,265.428
1790188158.038887,/orders?limit=10&offset=0,200,260.942
1790188158.0464199,/orders/stats,200,293.169
1790188158.0531578,/orders/notifications,200,73.083
1790188158.068747,/orders?limit=10&offset=0,200,95.608
1790188158.0716329,/orders/notifications,200,402.058
1790188158.073477,/orders/stats,200,218.767
1790188158.090723,/orders?limit=10&offset=0,200,100.196
1790188158.1041842,/orders?limit=10&offset=0,200,91.855
1790188158.1198819,/orders/notifications,200,73.441
1790188158.141046,/orders?limit=10&offset=0,200,87.871
1790188158.152538,/orders?limit=10&offset=0,200,125.049
1790188158.168858,/orders?limit=10&offset=0,200,97.206
1790188158.173506,/orders/notifications,200,100.015
1790188158.180256,/orders/stats,200,141.219
1790188158.192084,/orders/stats,200,123.31
1790188158.214088,/orders/stats,200,538.072
1790188158.223714,/orders?limit=10&offset=0,200,103.808
1790188158.230664,/orders/stats,200,139.895
1790188158.286657,/orders/stats,200,145.573
1790188158.286967,/orders?limit=10&offset=0,200,113.446
1790188158.296373,/orders/stats,200,143.814
1790188158.296709,/orders/notifications,200,104.602
1790188158.310377,/orders/stats,200,206.171
1790188158.487158,/orders/stats,200,318.278
1790188158.491894,/orders/notifications,200,311.614
1790188158.5208042,/orders/notifications,200,210.405
1790188158.525053,/orders/notifications,200,238.377
1790188158.5272992,/orders/notifications,200,230.906
1790188158.5415711,/orders/notifications,200,54.395
1790188158.561589,/orders/stats,200,274.606
1790188158.562742,/orders?limit=10&offset=0,200,266.019
1790188158.58576,/orders/notifications,200,371.645
1790188158.602716,/orders?limit=10&offset=0,200,110.784
1790188158.608533,/orders/notifications,200,377.844
1790188158.618554,/orders?limit=10&offset=0,200,97.731
1790188158.629205,/orders?limit=10&offset=0,200,87.616
1790188158.6296792,/orders?limit=10&offset=0,200,104.61
1790188158.635804,/orders/notifications,200,74.193
1790188158.650456,/orders?limit=10&offset=0,200,123.124
1790188158.686213,/orders?limit=10&offset=0,200,100.435
1790188158.690923,/orders/stats,200,128.164
1790188158.7043269,/orders?limit=10&offset=0,200,95.777
1790188158.7723022,/orders/stats,200,548.564
1790188158.774615,/orders?limit=10&offset=0,200,138.79
1790188158.777878,/orders/stats,200,159.303
1790188158.803843,/orders/notifications,200,112.903
1790188158.805227,/orders/stats,200,154.741
1790188158.818586,/orders/stats,200,215.822
1790188158.839387,/orders/notifications,200,67.011
1790188158.852903,/orders/stats,200,166.671
1790188158.8577101,/orders/stats,200,228.484
1790188158.860963,/orders/notifications,200,83.068
1790188158.873087,/orders/stats,200,168.737
1790188158.886095,/orders/stats,200,111.463
1790188158.900643,/orders/notifications,200,95.386
1790188158.904268,/orders/notifications,200,85.627
1790188158.9190478,/orders/notifications,200,66.127
1790188158.923507,/orders/notifications,200,65.781
1790188158.946101,/orders/notifications,200,72.991
1790188158.9539049,/orders?limit=10&offset=0,200,150.043
1790188158.954265,/orders/notifications,200,68.154
1790188158.9569669,/orders?limit=10&offset=0,200,95.986
1790188158.970509,/orders?limit=10&offset=0,200,131.1
1790188158.995618,/orders?limit=10&offset=0,200,91.332
1790188159.0041,/orders?limit=10&offset=0,200,103.418
1790188159.0150259,/orders?limit=10&offset=0,200,91.502
1790188159.020524,/orders/stats,200,390.736
1790188159.035083,/orders?limit=10&offset=0,200,116.012
1790188159.0536,/orders?limit=10&offset=0,200,107.455
1790188159.058622,/orders?limit=10&offset=0,200,104.343
1790188159.076685,/orders/stats,200,106.154
1790188159.091511,/orders/notifications,200,70.965
1790188159.102614,/orders/stats,200,145.63
1790188159.106703,/orders/stats,200,111.066
1790188159.1124532,/orders/stats,200,108.334
1790188159.139515,/orders/notifications,200,62.811
1790188159.13979,/orders/stats,200,104.689
1790188159.153485,/orders/stats,200,99.866
1790188159.156482,/orders/stats,200,97.845
1790188159.169545,/orders/notifications,200,62.827
1790188159.1777668,/orders?limit=10&offset=0,200,86.234
1790188159.187659,/orders/notifications,200,34.138
1790188159.195761,/orders/notifications,200,39.26
1790188159.203957,/orders?limit=10&offset=0,200,64.401
1790188159.2190762,/orders/notifications,200,79.273
1790188159.239615,/orders?limit=10&offset=0,200,51.936
1790188159.2434711,/orders/stats,200,65.684
1790188159.255392,/orders?limit=10&offset=0,200,59.613
1790188159.257196,/orders/stats,200,53.22
1790188159.279624,/orders?limit=10&offset=0,200,60.531
1790188159.282295,/orders/notifications,200,38.739
1790188159.291022,/orders/notifications,200,33.811
1790188159.2992141,/orders/stats,200,43.781
1790188159.307766,/orders?limit=10&offset=0,200,25.437
1790188159.326261,/orders/stats,200,18.476
1790188159.336998,/orders/notifications,200,10.719
1790188159.347283,/orders?limit=10&offset=0,200,10.267
1790188159.366169,/orders/stats,200,18.865
1790188159.3770618,/orders/notifications,200,10.862
