order_id,patient_dni,modality,name_ok,id_ok,dob_ok,sex_ok,uid_ok,mod_ok,desc_ok
27,35000015,DX,True,True,True,True,True,True,True
26,35000014,MR,True,True,True,True,True,True,True
25,35000013,CT,True,True,True,True,True,True,True
24,35000012,US,True,True,True,True,True,True,True
23,35000011,DX,True,True,True,True,True,True,True
22,35000010,MR,True,True,True,True,True,True,True
21,35000009,CT,True,True,True,True,True,True,True
20,35000008,US,True,True,True,True,True,True,True
19,35000007,DX,True,True,True,True,True,True,True
18,35000006,MR,True,True,True,True,True,True,True
17,35000005,CT,True,True,True,True,True,True,True
16,35000004,US,True,True,True,True,True,True,True
15,35000003,DX,True,True,True,True,True,True,True
14,35000002,MR,True,True,True,True,True,True,True
13,35000001,CT,True,True,True,True,True,True,True
12,50000010,DX,True,True,True,True,True,True,True
11,50000009,DX,True,True,True,True,True,True,True
10,50000008,DX,True,True,True,True,True,True,True
9,50000007,DX,True,True,True,True,True,True,True
8,50000006,DX,True,True,True,True,True,True,True
