run,latency_ms
1,25.148
2,18.576
3,21.435
4,19.275
5,17.413
6,17.01
7,17.867
8,18.913
9,18.167
10,16.307
11,16.214
12,18.385
13,20.263
14,17.22
15,18.411
16,18.383
17,17.033
18,18.756
19,17.363
20,20.739
21,19.623
22,24.611
23,21.065
24,17.407
25,19.34
26,17.632
27,16.281
28,21.404
29,18.358
30,16.927
31,17.134
32,17.242
33,19.276
34,18.047
35,20.659
36,17.603
37,17.71
38,29.519
39,17.534
40,17.353
41,18.681
42,30.61
43,18.003
44,19.479
45,16.639
46,20.253
47,39.222
48,17.997
49,21.098
50,18.289
