endpoint,n,status,latency_ms
/orders?limit=10&offset=0,1,200,8.373
/orders?limit=10&offset=0,2,200,10.235
/orders?limit=10&offset=0,3,200,8.988
/orders?limit=10&offset=0,4,200,8.021
/orders?limit=10&offset=0,5,200,8.641
/orders?limit=10&offset=0,6,200,7.69
/orders?limit=10&offset=0,7,200,8.377
/orders?limit=10&offset=0,8,200,7.615
/orders?limit=10&offset=0,9,200,8.659
/orders?limit=10&offset=0,10,200,7.54
/orders?limit=10&offset=0,11,200,8.934
/orders?limit=10&offset=0,12,200,7.842
/orders?limit=10&offset=0,13,200,8.257
/orders?limit=10&offset=0,14,200,7.753
/orders?limit=10&offset=0,15,200,8.526
/orders?limit=10&offset=0,16,200,8.061
/orders?limit=10&offset=0,17,200,9.074
/orders?limit=10&offset=0,18,200,8.081
/orders?limit=10&offset=0,19,200,8.415
/orders?limit=10&offset=0,20,200,8.524
/orders?limit=10&offset=0,21,200,8.593
/orders?limit=10&offset=0,22,200,7.639
/orders?limit=10&offset=0,23,200,8.22
/orders?limit=10&offset=0,24,200,7.875
/orders?limit=10&offset=0,25,200,8.608
/orders?limit=10&offset=0,26,200,8.212
/orders?limit=10&offset=0,27,200,8.077
/orders?limit=10&offset=0,28,200,7.934
/orders?limit=10&offset=0,29,200,8.141
/orders?limit=10&offset=0,30,200,8.283
/orders?limit=10&offset=0,31,200,8.513
/orders?limit=10&offset=0,32,200,8.873
/orders?limit=10&offset=0,33,200,8.51
/orders?limit=10&offset=0,34,200,8.015
/orders?limit=10&offset=0,35,200,8.779
/orders?limit=10&offset=0,36,200,9.848
/orders?limit=10&offset=0,37,200,9.157
/orders?limit=10&offset=0,38,200,7.524
/orders?limit=10&offset=0,39,200,8.652
/orders?limit=10&offset=0,40,200,7.733
/orders?limit=10&offset=0,41,200,8.191
/orders?limit=10&offset=0,42,200,8.313
/orders?limit=10&offset=0,43,200,8.389
/orders?limit=10&offset=0,44,200,7.681
/orders?limit=10&offset=0,45,200,8.771
/orders?limit=10&offset=0,46,200,7.817
/orders?limit=10&offset=0,47,200,8.153
/orders?limit=10&offset=0,48,200,7.945
/orders?limit=10&offset=0,49,200,9.854
/orders?limit=10&offset=0,50,200,7.58
/orders?limit=10&offset=0,51,200,9.874
/orders?limit=10&offset=0,52,200,7.326
/orders?limit=10&offset=0,53,200,9.353
/orders?limit=10&offset=0,54,200,9.605
/orders?limit=10&offset=0,55,200,8.39
/orders?limit=10&offset=0,56,200,7.968
/orders?limit=10&offset=0,57,200,8.193
/orders?limit=10&offset=0,58,200,8.546
/orders?limit=10&offset=0,59,200,8.127
/orders?limit=10&offset=0,60,200,7.877
/orders?limit=10&offset=0,61,200,7.254
/orders?limit=10&offset=0,62,200,7.4
/orders?limit=10&offset=0,63,200,7.816
/orders?limit=10&offset=0,64,200,7.451
/orders?limit=10&offset=0,65,200,8.716
/orders?limit=10&offset=0,66,200,7.446
/orders?limit=10&offset=0,67,200,8.18
/orders?limit=10&offset=0,68,200,8.052
/orders?limit=10&offset=0,69,200,8.193
/orders?limit=10&offset=0,70,200,8.569
/orders?limit=10&offset=0,71,200,8.16
/orders?limit=10&offset=0,72,200,7.853
/orders?limit=10&offset=0,73,200,8.262
/orders?limit=10&offset=0,74,200,8.884
/orders?limit=10&offset=0,75,200,8.121
/orders?limit=10&offset=0,76,200,8.598
/orders?limit=10&offset=0,77,200,97.94
/orders?limit=10&offset=0,78,200,11.665
/orders?limit=10&offset=0,79,200,21.81
/orders?limit=10&offset=0,80,200,9.0
/orders?limit=10&offset=0,81,200,41.498
/orders?limit=10&offset=0,82,200,18.253
/orders?limit=10&offset=0,83,200,13.099
/orders?limit=10&offset=0,84,200,18.839
/orders?limit=10&offset=0,85,200,26.858
/orders?limit=10&offset=0,86,200,14.178
/orders?limit=10&offset=0,87,200,9.976
/orders?limit=10&offset=0,88,200,9.919
/orders?limit=10&offset=0,89,200,9.326
/orders?limit=10&offset=0,90,200,9.454
/orders?limit=10&offset=0,91,200,9.1
/orders?limit=10&offset=0,92,200,8.921
/orders?limit=10&offset=0,93,200,9.156
/orders?limit=10&offset=0,94,200,8.597
/orders?limit=10&offset=0,95,200,8.645
/orders?limit=10&offset=0,96,200,8.253
/orders?limit=10&offset=0,97,200,9.886
/orders?limit=10&offset=0,98,200,15.106
/orders?limit=10&offset=0,99,200,9.193
/orders?limit=10&offset=0,100,200,9.253
/orders?limit=10&offset=0,101,200,9.946
/orders?limit=10&offset=0,102,200,8.964
/orders?limit=10&offset=0,103,200,9.263
/orders?limit=10&offset=0,104,200,7.983
/orders?limit=10&offset=0,105,200,8.952
/orders?limit=10&offset=0,106,200,8.475
/orders?limit=10&offset=0,107,200,8.943
/orders?limit=10&offset=0,108,200,8.363
/orders?limit=10&offset=0,109,200,8.449
/orders?limit=10&offset=0,110,200,8.153
/orders?limit=10&offset=0,111,200,8.687
/orders?limit=10&offset=0,112,200,7.736
/orders?limit=10&offset=0,113,200,8.366
/orders?limit=10&offset=0,114,200,8.355
/orders?limit=10&offset=0,115,200,8.565
/orders?limit=10&offset=0,116,200,7.63
/orders?limit=10&offset=0,117,200,8.78
/orders?limit=10&offset=0,118,200,8.075
/orders?limit=10&offset=0,119,200,8.487
/orders?limit=10&offset=0,120,200,8.216
/orders?limit=10&offset=0,121,200,8.942
/orders?limit=10&offset=0,122,200,7.417
/orders?limit=10&offset=0,123,200,8.652
/orders?limit=10&offset=0,124,200,7.864
/orders?limit=10&offset=0,125,200,8.498
/orders?limit=10&offset=0,126,200,8.044
/orders?limit=10&offset=0,127,200,8.589
/orders?limit=10&offset=0,128,200,7.621
/orders?limit=10&offset=0,129,200,8.12
/orders?limit=10&offset=0,130,200,8.102
/orders?limit=10&offset=0,131,200,8.283
/orders?limit=10&offset=0,132,200,7.75
/orders?limit=10&offset=0,133,200,8.498
/orders?limit=10&offset=0,134,200,8.056
/orders?limit=10&offset=0,135,200,8.27
/orders?limit=10&offset=0,136,200,8.349
/orders?limit=10&offset=0,137,200,8.3
/orders?limit=10&offset=0,138,200,7.422
/orders?limit=10&offset=0,139,200,8.624
/orders?limit=10&offset=0,140,200,8.861
/orders?limit=10&offset=0,141,200,8.568
/orders?limit=10&offset=0,142,200,8.1
/orders?limit=10&offset=0,143,200,8.774
/orders?limit=10&offset=0,144,200,8.072
/orders?limit=10&offset=0,145,200,8.914
/orders?limit=10&offset=0,146,200,7.968
/orders?limit=10&offset=0,147,200,9.975
/orders?limit=10&offset=0,148,200,7.095
/orders?limit=10&offset=0,149,200,8.944
/orders?limit=10&offset=0,150,200,8.362
/orders?limit=10&offset=0,151,200,11.563
/orders?limit=10&offset=0,152,200,8.193
/orders?limit=10&offset=0,153,200,7.644
/orders?limit=10&offset=0,154,200,8.062
/orders?limit=10&offset=0,155,200,8.324
/orders?limit=10&offset=0,156,200,8.597
/orders?limit=10&offset=0,157,200,8.41
/orders?limit=10&offset=0,158,200,8.056
/orders?limit=10&offset=0,159,200,8.852
/orders?limit=10&offset=0,160,200,8.933
/orders?limit=10&offset=0,161,200,7.972
/orders?limit=10&offset=0,162,200,8.329
/orders?limit=10&offset=0,163,200,8.627
/orders?limit=10&offset=0,164,200,8.555
/orders?limit=10&offset=0,165,200,7.887
/orders?limit=10&offset=0,166,200,8.675
/orders?limit=10&offset=0,167,200,8.076
/orders?limit=10&offset=0,168,200,10.181
/orders?limit=10&offset=0,169,200,7.516
/orders?limit=10&offset=0,170,200,9.605
/orders?limit=10&offset=0,171,200,7.859
/orders?limit=10&offset=0,172,200,8.84
/orders?limit=10&offset=0,173,200,7.516
/orders?limit=10&offset=0,174,200,8.696
/orders?limit=10&offset=0,175,200,7.939
/orders?limit=10&offset=0,176,200,8.677
/orders?limit=10&offset=0,177,200,7.845
/orders?limit=10&offset=0,178,200,8.453
/orders?limit=10&offset=0,179,200,8.231
/orders?limit=10&offset=0,180,200,8.362
/orders?limit=10&offset=0,181,200,8.364
/orders?limit=10&offset=0,182,200,9.053
/orders?limit=10&offset=0,183,200,7.238
/orders?limit=10&offset=0,184,200,8.193
/orders?limit=10&offset=0,185,200,8.291
/orders?limit=10&offset=0,186,200,8.542
/orders?limit=10&offset=0,187,200,8.028
/orders?limit=10&offset=0,188,200,9.123
/orders?limit=10&offset=0,189,200,8.179
/orders?limit=10&offset=0,190,200,8.015
/orders?limit=10&offset=0,191,200,7.835
/orders?limit=10&offset=0,192,200,8.335
/orders?limit=10&offset=0,193,200,7.872
/orders?limit=10&offset=0,194,200,8.849
/orders?limit=10&offset=0,195,200,7.819
/orders?limit=10&offset=0,196,200,8.839
/orders?limit=10&offset=0,197,200,7.821
/orders?limit=10&offset=0,198,200,8.549
/orders?limit=10&offset=0,199,200,8.21
/orders?limit=10&offset=0,200,200,8.429
/orders/stats,1,200,12.063
/orders/stats,2,200,12.491
/orders/stats,3,200,10.856
/orders/stats,4,200,9.809
/orders/stats,5,200,11.106
/orders/stats,6,200,10.55
/orders/stats,7,200,10.304
/orders/stats,8,200,11.159
/orders/stats,9,200,10.992
/orders/stats,10,200,11.066
/orders/stats,11,200,10.613
/orders/stats,12,200,12.196
/orders/stats,13,200,10.259
/orders/stats,14,200,10.811
/orders/stats,15,200,10.871
/orders/stats,16,200,10.525
/orders/stats,17,200,10.343
/orders/stats,18,200,9.799
/orders/stats,19,200,11.872
/orders/stats,20,200,11.022
/orders/stats,21,200,9.551
/orders/stats,22,200,11.261
/orders/stats,23,200,11.94
/orders/stats,24,200,10.285
/orders/stats,25,200,11.634
/orders/stats,26,200,10.669
/orders/stats,27,200,9.931
/orders/stats,28,200,12.487
/orders/stats,29,200,11.515
/orders/stats,30,200,9.777
/orders/stats,31,200,12.522
/orders/stats,32,200,10.86
/orders/stats,33,200,9.521
/orders/stats,34,200,12.731
/orders/stats,35,200,11.569
/orders/stats,36,200,10.963
/orders/stats,37,200,11.247
/orders/stats,38,200,12.559
/orders/stats,39,200,12.039
/orders/stats,40,200,10.261
/orders/stats,41,200,11.217
/orders/stats,42,200,12.186
/orders/stats,43,200,9.935
/orders/stats,44,200,12.162
/orders/stats,45,200,11.149
/orders/stats,46,200,10.467
/orders/stats,47,200,11.523
/orders/stats,48,200,18.02
/orders/stats,49,200,28.867
/orders/stats,50,200,15.724
/orders/stats,51,200,16.701
/orders/stats,52,200,24.84
/orders/stats,53,200,24.332
/orders/stats,54,200,40.775
/orders/stats,55,200,38.743
/orders/stats,56,200,12.753
/orders/stats,57,200,12.511
/orders/stats,58,200,11.545
/orders/stats,59,200,9.97
/orders/stats,60,200,12.104
/orders/stats,61,200,11.565
/orders/stats,62,200,9.757
/orders/stats,63,200,12.625
/orders/stats,64,200,10.843
/orders/stats,65,200,11.237
/orders/stats,66,200,10.463
/orders/stats,67,200,11.639
/orders/stats,68,200,10.544
/orders/stats,69,200,12.044
/orders/stats,70,200,11.242
/orders/stats,71,200,11.747
/orders/stats,72,200,12.896
/orders/stats,73,200,14.072
/orders/stats,74,200,11.537
/orders/stats,75,200,12.958
/orders/stats,76,200,11.133
/orders/stats,77,200,11.551
/orders/stats,78,200,11.86
/orders/stats,79,200,14.337
/orders/stats,80,200,11.881
/orders/stats,81,200,12.905
/orders/stats,82,200,11.187
/orders/stats,83,200,9.851
/orders/stats,84,200,11.779
/orders/stats,85,200,11.172
/orders/stats,86,200,10.037
/orders/stats,87,200,11.707
/orders/stats,88,200,11.117
/orders/stats,89,200,12.526
/orders/stats,90,200,11.061
/orders/stats,91,200,11.48
/orders/stats,92,200,10.956
/orders/stats,93,200,11.277
/orders/stats,94,200,10.472
/orders/stats,95,200,11.571
/orders/stats,96,200,10.782
/orders/stats,97,200,11.278
/orders/stats,98,200,12.099
/orders/stats,99,200,20.069
/orders/stats,100,200,13.364
/orders/stats,101,200,10.921
/orders/stats,102,200,12.258
/orders/stats,103,200,11.437
/orders/stats,104,200,10.369
/orders/stats,105,200,12.383
/orders/stats,106,200,11.27
/orders/stats,107,200,11.779
/orders/stats,108,200,10.814
/orders/stats,109,200,11.062
/orders/stats,110,200,12.472
/orders/stats,111,200,10.675
/orders/stats,112,200,11.878
/orders/stats,113,200,12.211
/orders/stats,114,200,11.249
/orders/stats,115,200,13.181
/orders/stats,116,200,11.224
/orders/stats,117,200,12.857
/orders/stats,118,200,11.688
/orders/stats,119,200,11.171
/orders/stats,120,200,11.47
/orders/stats,121,200,10.905
/orders/stats,122,200,16.051
/orders/stats,123,200,13.185
/orders/stats,124,200,11.502
/orders/stats,125,200,11.524
/orders/stats,126,200,11.683
/orders/stats,127,200,11.794
/orders/stats,128,200,11.099
/orders/stats,129,200,11.517
/orders/stats,130,200,11.351
/orders/stats,131,200,12.676
/orders/stats,132,200,12.644
/orders/stats,133,200,12.344
/orders/stats,134,200,11.004
/orders/stats,135,200,11.778
/orders/stats,136,200,11.08
/orders/stats,137,200,10.944
/orders/stats,138,200,11.516
/orders/stats,139,200,10.702
/orders/stats,140,200,11.773
/orders/stats,141,200,11.972
/orders/stats,142,200,15.377
/orders/stats,143,200,14.447
/orders/stats,144,200,12.436
/orders/stats,145,200,12.06
/orders/stats,146,200,11.394
/orders/stats,147,200,11.228
/orders/stats,148,200,11.893
/orders/stats,149,200,11.409
/orders/stats,150,200,9.949
/orders/stats,151,200,12.329
/orders/stats,152,200,11.231
/orders/stats,153,200,11.654
/orders/stats,154,200,10.824
/orders/stats,155,200,11.958
/orders/stats,156,200,13.391
/orders/stats,157,200,10.837
/orders/stats,158,200,12.935
/orders/stats,159,200,12.288
/orders/stats,160,200,11.845
/orders/stats,161,200,11.597
/orders/stats,162,200,11.201
/orders/stats,163,200,12.603
/orders/stats,164,200,14.113
/orders/stats,165,200,11.359
/orders/stats,166,200,10.834
/orders/stats,167,200,11.497
/orders/stats,168,200,10.63
/orders/stats,169,200,12.077
/orders/stats,170,200,12.224
/orders/stats,171,200,11.077
/orders/stats,172,200,20.242
/orders/stats,173,200,11.766
/orders/stats,174,200,12.222
/orders/stats,175,200,11.922
/orders/stats,176,200,10.667
/orders/stats,177,200,12.306
/orders/stats,178,200,11.371
/orders/stats,179,200,11.172
/orders/stats,180,200,11.149
/orders/stats,181,200,11.816
/orders/stats,182,200,22.095
/orders/stats,183,200,12.448
/orders/stats,184,200,14.311
/orders/stats,185,200,12.004
/orders/stats,186,200,10.42
/orders/stats,187,200,11.367
/orders/stats,188,200,11.823
/orders/stats,189,200,11.508
/orders/stats,190,200,12.306
/orders/stats,191,200,10.657
/orders/stats,192,200,10.915
/orders/stats,193,200,11.651
/orders/stats,194,200,11.868
/orders/stats,195,200,10.037
/orders/stats,196,200,13.251
/orders/stats,197,200,12.33
/orders/stats,198,200,12.533
/orders/stats,199,200,11.171
/orders/stats,200,200,12.966
/orders/notifications,1,200,7.498
/orders/notifications,2,200,7.113
/orders/notifications,3,200,7.218
/orders/notifications,4,200,6.787
/orders/notifications,5,200,6.453
/orders/notifications,6,200,6.266
/orders/notifications,7,200,6.218
/orders/notifications,8,200,7.575
/orders/notifications,9,200,6.537
/orders/notifications,10,200,6.738
/orders/notifications,11,200,6.565
/orders/notifications,12,200,6.808
/orders/notifications,13,200,7.67
/orders/notifications,14,200,6.925
/orders/notifications,15,200,7.688
/orders/notifications,16,200,6.944
/orders/notifications,17,200,7.47
/orders/notifications,18,200,6.847
/orders/notifications,19,200,6.6
/orders/notifications,20,200,7.638
/orders/notifications,21,200,6.678
/orders/notifications,22,200,8.038
/orders/notifications,23,200,6.486
/orders/notifications,24,200,6.678
/orders/notifications,25,200,7.64
/orders/notifications,26,200,10.419
/orders/notifications,27,200,6.411
/orders/notifications,28,200,6.831
/orders/notifications,29,200,7.58
/orders/notifications,30,200,6.42
/orders/notifications,31,200,7.252
/orders/notifications,32,200,6.517
/orders/notifications,33,200,7.536
/orders/notifications,34,200,6.859
/orders/notifications,35,200,6.057
/orders/notifications,36,200,7.08
/orders/notifications,37,200,6.772
/orders/notifications,38,200,7.153
/orders/notifications,39,200,6.493
/orders/notifications,40,200,6.596
/orders/notifications,41,200,7.436
/orders/notifications,42,200,6.663
/orders/notifications,43,200,7.245
/orders/notifications,44,200,7.219
/orders/notifications,45,200,6.822
/orders/notifications,46,200,7.074
/orders/notifications,47,200,6.667
/orders/notifications,48,200,7.243
/orders/notifications,49,200,6.703
/orders/notifications,50,200,7.654
/orders/notifications,51,200,7.156
/orders/notifications,52,200,7.679
/orders/notifications,53,200,9.1
/orders/notifications,54,200,8.334
/orders/notifications,55,200,6.732
/orders/notifications,56,200,6.936
/orders/notifications,57,200,7.707
/orders/notifications,58,200,7.372
/orders/notifications,59,200,7.545
/orders/notifications,60,200,6.706
/orders/notifications,61,200,6.915
/orders/notifications,62,200,7.336
/orders/notifications,63,200,7.877
/orders/notifications,64,200,6.601
/orders/notifications,65,200,6.127
/orders/notifications,66,200,9.781
/orders/notifications,67,200,6.591
/orders/notifications,68,200,7.791
/orders/notifications,69,200,6.565
/orders/notifications,70,200,7.382
/orders/notifications,71,200,6.748
/orders/notifications,72,200,7.294
/orders/notifications,73,200,6.131
/orders/notifications,74,200,7.703
/orders/notifications,75,200,8.974
/orders/notifications,76,200,6.76
/orders/notifications,77,200,8.271
/orders/notifications,78,200,7.224
/orders/notifications,79,200,8.025
/orders/notifications,80,200,7.76
/orders/notifications,81,200,8.765
/orders/notifications,82,200,7.411
/orders/notifications,83,200,8.12
/orders/notifications,84,200,7.014
/orders/notifications,85,200,8.836
/orders/notifications,86,200,7.556
/orders/notifications,87,200,10.352
/orders/notifications,88,200,10.74
/orders/notifications,89,200,10.556
/orders/notifications,90,200,15.082
/orders/notifications,91,200,10.192
/orders/notifications,92,200,11.032
/orders/notifications,93,200,11.117
/orders/notifications,94,200,10.661
/orders/notifications,95,200,9.672
/orders/notifications,96,200,9.91
/orders/notifications,97,200,9.901
/orders/notifications,98,200,11.448
/orders/notifications,99,200,13.106
/orders/notifications,100,200,9.173
/orders/notifications,101,200,13.974
/orders/notifications,102,200,7.746
/orders/notifications,103,200,6.714
/orders/notifications,104,200,7.535
/orders/notifications,105,200,7.017
/orders/notifications,106,200,6.847
/orders/notifications,107,200,7.509
/orders/notifications,108,200,6.694
/orders/notifications,109,200,7.94
/orders/notifications,110,200,7.36
/orders/notifications,111,200,8.097
/orders/notifications,112,200,7.934
/orders/notifications,113,200,8.754
/orders/notifications,114,200,7.193
/orders/notifications,115,200,8.159
/orders/notifications,116,200,6.902
/orders/notifications,117,200,7.65
/orders/notifications,118,200,6.964
/orders/notifications,119,200,6.528
/orders/notifications,120,200,7.456
/orders/notifications,121,200,7.067
/orders/notifications,122,200,7.713
/orders/notifications,123,200,7.074
/orders/notifications,124,200,6.949
/orders/notifications,125,200,6.587
/orders/notifications,126,200,7.053
/orders/notifications,127,200,7.154
/orders/notifications,128,200,7.308
/orders/notifications,129,200,7.473
/orders/notifications,130,200,6.069
/orders/notifications,131,200,6.026
/orders/notifications,132,200,7.514
/orders/notifications,133,200,6.549
/orders/notifications,134,200,7.207
/orders/notifications,135,200,6.627
/orders/notifications,136,200,6.056
/orders/notifications,137,200,7.347
/orders/notifications,138,200,6.329
/orders/notifications,139,200,7.301
/orders/notifications,140,200,6.862
/orders/notifications,141,200,7.583
/orders/notifications,142,200,6.62
/orders/notifications,143,200,6.53
/orders/notifications,144,200,7.394
/orders/notifications,145,200,6.683
/orders/notifications,146,200,7.581
/orders/notifications,147,200,6.821
/orders/notifications,148,200,6.934
/orders/notifications,149,200,6.169
/orders/notifications,150,200,6.295
/orders/notifications,151,200,7.083
/orders/notifications,152,200,6.509
/orders/notifications,153,200,7.264
/orders/notifications,154,200,6.461
/orders/notifications,155,200,6.757
/orders/notifications,156,200,7.212
/orders/notifications,157,200,6.741
/orders/notifications,158,200,7.599
/orders/notifications,159,200,6.497
/orders/notifications,160,200,5.842
/orders/notifications,161,200,7.29
/orders/notifications,162,200,6.564
/orders/notifications,163,200,7.424
/orders/notifications,164,200,6.954
/orders/notifications,165,200,7.518
/orders/notifications,166,200,6.187
/orders/notifications,167,200,6.394
/orders/notifications,168,200,7.114
/orders/notifications,169,200,7.072
/orders/notifications,170,200,7.046
/orders/notifications,171,200,6.716
/orders/notifications,172,200,6.116
/orders/notifications,173,200,7.657
/orders/notifications,174,200,6.406
/orders/notifications,175,200,7.449
/orders/notifications,176,200,7.006
/orders/notifications,177,200,7.004
/orders/notifications,178,200,6.787
/orders/notifications,179,200,5.849
/orders/notifications,180,200,6.781
/orders/notifications,181,200,6.851
/orders/notifications,182,200,8.483
/orders/notifications,183,200,6.777
/orders/notifications,184,200,8.269
/orders/notifications,185,200,6.891
/orders/notifications,186,200,6.534
/orders/notifications,187,200,7.692
/orders/notifications,188,200,7.076
/orders/notifications,189,200,7.548
/orders/notifications,190,200,6.684
/orders/notifications,191,200,7.678
/orders/notifications,192,200,6.929
/orders/notifications,193,200,5.827
/orders/notifications,194,200,7.4
/orders/notifications,195,200,6.434
/orders/notifications,196,200,7.014
/orders/notifications,197,200,9.057
/orders/notifications,198,200,7.705
/orders/notifications,199,200,7.098
/orders/notifications,200,200,8.107
